Aaron Finch,Aaron Finch,0
Aaron Finch,Ajinkya Rahane,35
Aaron Finch,Ambati Rayudu,83.5
Aaron Finch,Brendon McCullum,53
Aaron Finch,Chris Gayle,58
Aaron Finch,David Miller,54
Aaron Finch,David Warner,72
Aaron Finch,de Villiers,68
Aaron Finch,Dinesh Karthik,49
Aaron Finch,du Plessis,46
Aaron Finch,Dwayne Smith,43.5
Aaron Finch,Gautam Gambhir,56
Aaron Finch,Kieron Pollard,67
Aaron Finch,Manish Pandey,71
Aaron Finch,Michael Hussey,64
Aaron Finch,MS Dhoni,67
Aaron Finch,Murali Vijay,47
Aaron Finch,Parthiv Patel,48
Aaron Finch,Robin Uthappa,48
Aaron Finch,Rohit Sharma,81
Aaron Finch,Sanju Samson,49
Aaron Finch,Shane Watson,57
Aaron Finch,Shaun Marsh,43
Aaron Finch,Shikhar Dhawan,59
Aaron Finch,Steve Smith,46
Aaron Finch,Suresh Raina,38
Aaron Finch,Virat Kohli,81
Aaron Finch,Yusuf Pathan,57
Aaron Finch,Yuvraj Singh,49
Ajinkya Rahane,Aaron Finch,35
Ajinkya Rahane,Ajinkya Rahane,0
Ajinkya Rahane,Ambati Rayudu,94.5
Ajinkya Rahane,Brendon McCullum,69
Ajinkya Rahane,Chris Gayle,58
Ajinkya Rahane,David Miller,50
Ajinkya Rahane,David Warner,75
Ajinkya Rahane,de Villiers,69
Ajinkya Rahane,Dinesh Karthik,49
Ajinkya Rahane,du Plessis,65
Ajinkya Rahane,Dwayne Smith,46
Ajinkya Rahane,Gautam Gambhir,73
Ajinkya Rahane,Kieron Pollard,62
Ajinkya Rahane,Manish Pandey,55
Ajinkya Rahane,Michael Hussey,69
Ajinkya Rahane,MS Dhoni,62
Ajinkya Rahane,Murali Vijay,59
Ajinkya Rahane,Parthiv Patel,51
Ajinkya Rahane,Robin Uthappa,50
Ajinkya Rahane,Rohit Sharma,60.5
Ajinkya Rahane,Sanju Samson,49
Ajinkya Rahane,Shane Watson,47
Ajinkya Rahane,Shaun Marsh,43
Ajinkya Rahane,Shikhar Dhawan,58
Ajinkya Rahane,Steve Smith,38
Ajinkya Rahane,Suresh Raina,43
Ajinkya Rahane,Virat Kohli,81
Ajinkya Rahane,Yusuf Pathan,47
Ajinkya Rahane,Yuvraj Singh,51
Ambati Rayudu,Aaron Finch,83.5
Ambati Rayudu,Ajinkya Rahane,94.5
Ambati Rayudu,Ambati Rayudu,0
Ambati Rayudu,Brendon McCullum,71
Ambati Rayudu,Chris Gayle,90
Ambati Rayudu,David Miller,69
Ambati Rayudu,David Warner,88.5
Ambati Rayudu,de Villiers,85
Ambati Rayudu,Dinesh Karthik,55.5
Ambati Rayudu,du Plessis,61
Ambati Rayudu,Dwayne Smith,84
Ambati Rayudu,Gautam Gambhir,88.5
Ambati Rayudu,Kieron Pollard,88
Ambati Rayudu,Manish Pandey,86
Ambati Rayudu,Michael Hussey,92
Ambati Rayudu,MS Dhoni,90.5
Ambati Rayudu,Murali Vijay,72
Ambati Rayudu,Parthiv Patel,97
Ambati Rayudu,Robin Uthappa,97
Ambati Rayudu,Rohit Sharma,87
Ambati Rayudu,Sanju Samson,65.5
Ambati Rayudu,Shane Watson,58
Ambati Rayudu,Shaun Marsh,75
Ambati Rayudu,Shikhar Dhawan,80
Ambati Rayudu,Steve Smith,86.5
Ambati Rayudu,Suresh Raina,89.5
Ambati Rayudu,Virat Kohli,46
Ambati Rayudu,Yusuf Pathan,91.5
Ambati Rayudu,Yuvraj Singh,89
Brendon McCullum,Aaron Finch,53
Brendon McCullum,Ajinkya Rahane,69
Brendon McCullum,Ambati Rayudu,71
Brendon McCullum,Brendon McCullum,0
Brendon McCullum,Chris Gayle,76
Brendon McCullum,David Miller,72
Brendon McCullum,David Warner,43
Brendon McCullum,de Villiers,45
Brendon McCullum,Dinesh Karthik,43.5
Brendon McCullum,du Plessis,43
Brendon McCullum,Dwayne Smith,64
Brendon McCullum,Gautam Gambhir,57
Brendon McCullum,Kieron Pollard,74
Brendon McCullum,Manish Pandey,65
Brendon McCullum,Michael Hussey,71
Brendon McCullum,MS Dhoni,61
Brendon McCullum,Murali Vijay,51
Brendon McCullum,Parthiv Patel,81
Brendon McCullum,Robin Uthappa,74
Brendon McCullum,Rohit Sharma,77
Brendon McCullum,Sanju Samson,64
Brendon McCullum,Shane Watson,56
Brendon McCullum,Shaun Marsh,64
Brendon McCullum,Shikhar Dhawan,64
Brendon McCullum,Steve Smith,53
Brendon McCullum,Suresh Raina,59
Brendon McCullum,Virat Kohli,62
Brendon McCullum,Yusuf Pathan,74
Brendon McCullum,Yuvraj Singh,65
Chris Gayle,Aaron Finch,58
Chris Gayle,Ajinkya Rahane,58
Chris Gayle,Ambati Rayudu,90
Chris Gayle,Brendon McCullum,76
Chris Gayle,Chris Gayle,0
Chris Gayle,David Miller,39
Chris Gayle,David Warner,56
Chris Gayle,de Villiers,90
Chris Gayle,Dinesh Karthik,66
Chris Gayle,du Plessis,77
Chris Gayle,Dwayne Smith,71
Chris Gayle,Gautam Gambhir,51
Chris Gayle,Kieron Pollard,47
Chris Gayle,Manish Pandey,59
Chris Gayle,Michael Hussey,79
Chris Gayle,MS Dhoni,46
Chris Gayle,Murali Vijay,59
Chris Gayle,Parthiv Patel,65.5
Chris Gayle,Robin Uthappa,57
Chris Gayle,Rohit Sharma,72
Chris Gayle,Sanju Samson,59
Chris Gayle,Shane Watson,49
Chris Gayle,Shaun Marsh,54
Chris Gayle,Shikhar Dhawan,51
Chris Gayle,Steve Smith,49.5
Chris Gayle,Suresh Raina,52
Chris Gayle,Virat Kohli,79
Chris Gayle,Yusuf Pathan,75
Chris Gayle,Yuvraj Singh,70
David Miller,Aaron Finch,54
David Miller,Ajinkya Rahane,50
David Miller,Ambati Rayudu,69
David Miller,Brendon McCullum,72
David Miller,Chris Gayle,39
David Miller,David Miller,0
David Miller,David Warner,68
David Miller,de Villiers,72
David Miller,Dinesh Karthik,69
David Miller,du Plessis,58
David Miller,Dwayne Smith,68
David Miller,Gautam Gambhir,49
David Miller,Kieron Pollard,61
David Miller,Manish Pandey,78
David Miller,Michael Hussey,74
David Miller,MS Dhoni,61
David Miller,Murali Vijay,60
David Miller,Parthiv Patel,65.5
David Miller,Robin Uthappa,41
David Miller,Rohit Sharma,64
David Miller,Sanju Samson,55
David Miller,Shane Watson,53
David Miller,Shaun Marsh,57
David Miller,Shikhar Dhawan,66
David Miller,Steve Smith,48
David Miller,Suresh Raina,48
David Miller,Virat Kohli,65
David Miller,Yusuf Pathan,67
David Miller,Yuvraj Singh,70
David Warner,Aaron Finch,72
David Warner,Ajinkya Rahane,75
David Warner,Ambati Rayudu,88.5
David Warner,Brendon McCullum,43
David Warner,Chris Gayle,56
David Warner,David Miller,68
David Warner,David Warner,0
David Warner,de Villiers,36
David Warner,Dinesh Karthik,36
David Warner,du Plessis,51
David Warner,Dwayne Smith,71
David Warner,Gautam Gambhir,66
David Warner,Kieron Pollard,54
David Warner,Manish Pandey,36
David Warner,Michael Hussey,54
David Warner,MS Dhoni,53
David Warner,Murali Vijay,59
David Warner,Parthiv Patel,66
David Warner,Robin Uthappa,70
David Warner,Rohit Sharma,70
David Warner,Sanju Samson,70
David Warner,Shane Watson,77
David Warner,Shaun Marsh,65
David Warner,Shikhar Dhawan,60
David Warner,Steve Smith,47
David Warner,Suresh Raina,74
David Warner,Virat Kohli,72
David Warner,Yusuf Pathan,81
David Warner,Yuvraj Singh,45
de Villiers,Aaron Finch,68
de Villiers,Ajinkya Rahane,69
de Villiers,Ambati Rayudu,85
de Villiers,Brendon McCullum,45
de Villiers,Chris Gayle,90
de Villiers,David Miller,72
de Villiers,David Warner,36
de Villiers,de Villiers,0
de Villiers,Dinesh Karthik,47
de Villiers,du Plessis,54
de Villiers,Dwayne Smith,70
de Villiers,Gautam Gambhir,67
de Villiers,Kieron Pollard,84
de Villiers,Manish Pandey,44
de Villiers,Michael Hussey,67
de Villiers,MS Dhoni,61
de Villiers,Murali Vijay,60
de Villiers,Parthiv Patel,88
de Villiers,Robin Uthappa,74
de Villiers,Rohit Sharma,92
de Villiers,Sanju Samson,71
de Villiers,Shane Watson,77
de Villiers,Shaun Marsh,70
de Villiers,Shikhar Dhawan,71
de Villiers,Steve Smith,53
de Villiers,Suresh Raina,66
de Villiers,Virat Kohli,72
de Villiers,Yusuf Pathan,73
de Villiers,Yuvraj Singh,79
Dinesh Karthik,Aaron Finch,49
Dinesh Karthik,Ajinkya Rahane,49
Dinesh Karthik,Ambati Rayudu,55.5
Dinesh Karthik,Brendon McCullum,43.5
Dinesh Karthik,Chris Gayle,66
Dinesh Karthik,David Miller,69
Dinesh Karthik,David Warner,36
Dinesh Karthik,de Villiers,47
Dinesh Karthik,Dinesh Karthik,0
Dinesh Karthik,du Plessis,42
Dinesh Karthik,Dwayne Smith,50.5
Dinesh Karthik,Gautam Gambhir,49
Dinesh Karthik,Kieron Pollard,64
Dinesh Karthik,Manish Pandey,57
Dinesh Karthik,Michael Hussey,74
Dinesh Karthik,MS Dhoni,49
Dinesh Karthik,Murali Vijay,51
Dinesh Karthik,Parthiv Patel,65.5
Dinesh Karthik,Robin Uthappa,56
Dinesh Karthik,Rohit Sharma,77
Dinesh Karthik,Sanju Samson,61
Dinesh Karthik,Shane Watson,51
Dinesh Karthik,Shaun Marsh,61
Dinesh Karthik,Shikhar Dhawan,68
Dinesh Karthik,Steve Smith,49
Dinesh Karthik,Suresh Raina,49
Dinesh Karthik,Virat Kohli,40
Dinesh Karthik,Yusuf Pathan,56.5
Dinesh Karthik,Yuvraj Singh,56
du Plessis,Aaron Finch,46
du Plessis,Ajinkya Rahane,65
du Plessis,Ambati Rayudu,61
du Plessis,Brendon McCullum,43
du Plessis,Chris Gayle,77
du Plessis,David Miller,58
du Plessis,David Warner,51
du Plessis,de Villiers,54
du Plessis,Dinesh Karthik,42
du Plessis,du Plessis,0
du Plessis,Dwayne Smith,59
du Plessis,Gautam Gambhir,59
du Plessis,Kieron Pollard,69
du Plessis,Manish Pandey,44
du Plessis,Michael Hussey,74
du Plessis,MS Dhoni,57
du Plessis,Murali Vijay,46
du Plessis,Parthiv Patel,84
du Plessis,Robin Uthappa,70
du Plessis,Rohit Sharma,69
du Plessis,Sanju Samson,36
du Plessis,Shane Watson,40
du Plessis,Shaun Marsh,42
du Plessis,Shikhar Dhawan,59
du Plessis,Steve Smith,49
du Plessis,Suresh Raina,58
du Plessis,Virat Kohli,58.5
du Plessis,Yusuf Pathan,63
du Plessis,Yuvraj Singh,67
Dwayne Smith,Aaron Finch,43.5
Dwayne Smith,Ajinkya Rahane,46
Dwayne Smith,Ambati Rayudu,84
Dwayne Smith,Brendon McCullum,64
Dwayne Smith,Chris Gayle,71
Dwayne Smith,David Miller,68
Dwayne Smith,David Warner,71
Dwayne Smith,de Villiers,70
Dwayne Smith,Dinesh Karthik,50.5
Dwayne Smith,du Plessis,59
Dwayne Smith,Dwayne Smith,0
Dwayne Smith,Gautam Gambhir,53
Dwayne Smith,Kieron Pollard,70
Dwayne Smith,Manish Pandey,88
Dwayne Smith,Michael Hussey,52
Dwayne Smith,MS Dhoni,67
Dwayne Smith,Murali Vijay,39
Dwayne Smith,Parthiv Patel,56
Dwayne Smith,Robin Uthappa,45
Dwayne Smith,Rohit Sharma,60
Dwayne Smith,Sanju Samson,50.5
Dwayne Smith,Shane Watson,50.5
Dwayne Smith,Shaun Marsh,43
Dwayne Smith,Shikhar Dhawan,58
Dwayne Smith,Steve Smith,46
Dwayne Smith,Suresh Raina,48
Dwayne Smith,Virat Kohli,81
Dwayne Smith,Yusuf Pathan,36
Dwayne Smith,Yuvraj Singh,68
Gautam Gambhir,Aaron Finch,56
Gautam Gambhir,Ajinkya Rahane,73
Gautam Gambhir,Ambati Rayudu,88.5
Gautam Gambhir,Brendon McCullum,57
Gautam Gambhir,Chris Gayle,51
Gautam Gambhir,David Miller,49
Gautam Gambhir,David Warner,66
Gautam Gambhir,de Villiers,67
Gautam Gambhir,Dinesh Karthik,49
Gautam Gambhir,du Plessis,59
Gautam Gambhir,Dwayne Smith,53
Gautam Gambhir,Gautam Gambhir,0
Gautam Gambhir,Kieron Pollard,58
Gautam Gambhir,Manish Pandey,67
Gautam Gambhir,Michael Hussey,78
Gautam Gambhir,MS Dhoni,68
Gautam Gambhir,Murali Vijay,42
Gautam Gambhir,Parthiv Patel,58
Gautam Gambhir,Robin Uthappa,57
Gautam Gambhir,Rohit Sharma,54
Gautam Gambhir,Sanju Samson,45
Gautam Gambhir,Shane Watson,51
Gautam Gambhir,Shaun Marsh,48.5
Gautam Gambhir,Shikhar Dhawan,66
Gautam Gambhir,Steve Smith,58
Gautam Gambhir,Suresh Raina,75
Gautam Gambhir,Virat Kohli,81
Gautam Gambhir,Yusuf Pathan,60
Gautam Gambhir,Yuvraj Singh,45
Kieron Pollard,Aaron Finch,67
Kieron Pollard,Ajinkya Rahane,62
Kieron Pollard,Ambati Rayudu,88
Kieron Pollard,Brendon McCullum,74
Kieron Pollard,Chris Gayle,47
Kieron Pollard,David Miller,61
Kieron Pollard,David Warner,54
Kieron Pollard,de Villiers,84
Kieron Pollard,Dinesh Karthik,64
Kieron Pollard,du Plessis,69
Kieron Pollard,Dwayne Smith,70
Kieron Pollard,Gautam Gambhir,58
Kieron Pollard,Kieron Pollard,0
Kieron Pollard,Manish Pandey,54
Kieron Pollard,Michael Hussey,70
Kieron Pollard,MS Dhoni,38
Kieron Pollard,Murali Vijay,55
Kieron Pollard,Parthiv Patel,61
Kieron Pollard,Robin Uthappa,64
Kieron Pollard,Rohit Sharma,64
Kieron Pollard,Sanju Samson,57
Kieron Pollard,Shane Watson,77
Kieron Pollard,Shaun Marsh,62
Kieron Pollard,Shikhar Dhawan,42
Kieron Pollard,Steve Smith,53
Kieron Pollard,Suresh Raina,66
Kieron Pollard,Virat Kohli,77
Kieron Pollard,Yusuf Pathan,73
Kieron Pollard,Yuvraj Singh,64
Manish Pandey,Aaron Finch,71
Manish Pandey,Ajinkya Rahane,55
Manish Pandey,Ambati Rayudu,86
Manish Pandey,Brendon McCullum,65
Manish Pandey,Chris Gayle,59
Manish Pandey,David Miller,78
Manish Pandey,David Warner,36
Manish Pandey,de Villiers,44
Manish Pandey,Dinesh Karthik,57
Manish Pandey,du Plessis,44
Manish Pandey,Dwayne Smith,88
Manish Pandey,Gautam Gambhir,67
Manish Pandey,Kieron Pollard,54
Manish Pandey,Manish Pandey,0
Manish Pandey,Michael Hussey,53
Manish Pandey,MS Dhoni,68
Manish Pandey,Murali Vijay,61
Manish Pandey,Parthiv Patel,76
Manish Pandey,Robin Uthappa,64
Manish Pandey,Rohit Sharma,79
Manish Pandey,Sanju Samson,59
Manish Pandey,Shane Watson,65
Manish Pandey,Shaun Marsh,57
Manish Pandey,Shikhar Dhawan,58
Manish Pandey,Steve Smith,59
Manish Pandey,Suresh Raina,83
Manish Pandey,Virat Kohli,60
Manish Pandey,Yusuf Pathan,86
Manish Pandey,Yuvraj Singh,46
Michael Hussey,Aaron Finch,64
Michael Hussey,Ajinkya Rahane,69
Michael Hussey,Ambati Rayudu,92
Michael Hussey,Brendon McCullum,71
Michael Hussey,Chris Gayle,79
Michael Hussey,David Miller,74
Michael Hussey,David Warner,54
Michael Hussey,de Villiers,67
Michael Hussey,Dinesh Karthik,74
Michael Hussey,du Plessis,74
Michael Hussey,Dwayne Smith,52
Michael Hussey,Gautam Gambhir,78
Michael Hussey,Kieron Pollard,70
Michael Hussey,Manish Pandey,53
Michael Hussey,Michael Hussey,0
Michael Hussey,MS Dhoni,57
Michael Hussey,Murali Vijay,57
Michael Hussey,Parthiv Patel,47
Michael Hussey,Robin Uthappa,47
Michael Hussey,Rohit Sharma,61
Michael Hussey,Sanju Samson,68
Michael Hussey,Shane Watson,74
Michael Hussey,Shaun Marsh,62
Michael Hussey,Shikhar Dhawan,66
Michael Hussey,Steve Smith,58
Michael Hussey,Suresh Raina,62
Michael Hussey,Virat Kohli,79
Michael Hussey,Yusuf Pathan,69
Michael Hussey,Yuvraj Singh,67
MS Dhoni,Aaron Finch,67
MS Dhoni,Ajinkya Rahane,62
MS Dhoni,Ambati Rayudu,90.5
MS Dhoni,Brendon McCullum,61
MS Dhoni,Chris Gayle,46
MS Dhoni,David Miller,61
MS Dhoni,David Warner,53
MS Dhoni,de Villiers,61
MS Dhoni,Dinesh Karthik,49
MS Dhoni,du Plessis,57
MS Dhoni,Dwayne Smith,67
MS Dhoni,Gautam Gambhir,68
MS Dhoni,Kieron Pollard,38
MS Dhoni,Manish Pandey,68
MS Dhoni,Michael Hussey,57
MS Dhoni,MS Dhoni,0
MS Dhoni,Murali Vijay,54
MS Dhoni,Parthiv Patel,59
MS Dhoni,Robin Uthappa,48
MS Dhoni,Rohit Sharma,67
MS Dhoni,Sanju Samson,49
MS Dhoni,Shane Watson,77
MS Dhoni,Shaun Marsh,62
MS Dhoni,Shikhar Dhawan,58
MS Dhoni,Steve Smith,59
MS Dhoni,Suresh Raina,66
MS Dhoni,Virat Kohli,81
MS Dhoni,Yusuf Pathan,73
MS Dhoni,Yuvraj Singh,43
Murali Vijay,Aaron Finch,47
Murali Vijay,Ajinkya Rahane,59
Murali Vijay,Ambati Rayudu,72
Murali Vijay,Brendon McCullum,51
Murali Vijay,Chris Gayle,59
Murali Vijay,David Miller,60
Murali Vijay,David Warner,59
Murali Vijay,de Villiers,60
Murali Vijay,Dinesh Karthik,51
Murali Vijay,du Plessis,46
Murali Vijay,Dwayne Smith,39
Murali Vijay,Gautam Gambhir,42
Murali Vijay,Kieron Pollard,55
Murali Vijay,Manish Pandey,61
Murali Vijay,Michael Hussey,57
Murali Vijay,MS Dhoni,54
Murali Vijay,Murali Vijay,0
Murali Vijay,Parthiv Patel,55
Murali Vijay,Robin Uthappa,51
Murali Vijay,Rohit Sharma,53
Murali Vijay,Sanju Samson,52
Murali Vijay,Shane Watson,57
Murali Vijay,Shaun Marsh,58
Murali Vijay,Shikhar Dhawan,57
Murali Vijay,Steve Smith,61
Murali Vijay,Suresh Raina,58
Murali Vijay,Virat Kohli,76.5
Murali Vijay,Yusuf Pathan,53
Murali Vijay,Yuvraj Singh,46
Parthiv Patel,Aaron Finch,48
Parthiv Patel,Ajinkya Rahane,51
Parthiv Patel,Ambati Rayudu,97
Parthiv Patel,Brendon McCullum,81
Parthiv Patel,Chris Gayle,65.5
Parthiv Patel,David Miller,65.5
Parthiv Patel,David Warner,66
Parthiv Patel,de Villiers,88
Parthiv Patel,Dinesh Karthik,65.5
Parthiv Patel,du Plessis,84
Parthiv Patel,Dwayne Smith,56
Parthiv Patel,Gautam Gambhir,58
Parthiv Patel,Kieron Pollard,61
Parthiv Patel,Manish Pandey,76
Parthiv Patel,Michael Hussey,47
Parthiv Patel,MS Dhoni,59
Parthiv Patel,Murali Vijay,55
Parthiv Patel,Parthiv Patel,0
Parthiv Patel,Robin Uthappa,50
Parthiv Patel,Rohit Sharma,50
Parthiv Patel,Sanju Samson,48
Parthiv Patel,Shane Watson,56
Parthiv Patel,Shaun Marsh,51
Parthiv Patel,Shikhar Dhawan,65
Parthiv Patel,Steve Smith,48
Parthiv Patel,Suresh Raina,44
Parthiv Patel,Virat Kohli,86
Parthiv Patel,Yusuf Pathan,65
Parthiv Patel,Yuvraj Singh,51
Robin Uthappa,Aaron Finch,48
Robin Uthappa,Ajinkya Rahane,50
Robin Uthappa,Ambati Rayudu,97
Robin Uthappa,Brendon McCullum,74
Robin Uthappa,Chris Gayle,57
Robin Uthappa,David Miller,41
Robin Uthappa,David Warner,70
Robin Uthappa,de Villiers,74
Robin Uthappa,Dinesh Karthik,56
Robin Uthappa,du Plessis,70
Robin Uthappa,Dwayne Smith,45
Robin Uthappa,Gautam Gambhir,57
Robin Uthappa,Kieron Pollard,64
Robin Uthappa,Manish Pandey,64
Robin Uthappa,Michael Hussey,47
Robin Uthappa,MS Dhoni,48
Robin Uthappa,Murali Vijay,51
Robin Uthappa,Parthiv Patel,50
Robin Uthappa,Robin Uthappa,0
Robin Uthappa,Rohit Sharma,58
Robin Uthappa,Sanju Samson,44
Robin Uthappa,Shane Watson,64
Robin Uthappa,Shaun Marsh,50
Robin Uthappa,Shikhar Dhawan,58
Robin Uthappa,Steve Smith,44
Robin Uthappa,Suresh Raina,53
Robin Uthappa,Virat Kohli,82
Robin Uthappa,Yusuf Pathan,56
Robin Uthappa,Yuvraj Singh,67
Rohit Sharma,Aaron Finch,81
Rohit Sharma,Ajinkya Rahane,60.5
Rohit Sharma,Ambati Rayudu,87
Rohit Sharma,Brendon McCullum,77
Rohit Sharma,Chris Gayle,72
Rohit Sharma,David Miller,64
Rohit Sharma,David Warner,70
Rohit Sharma,de Villiers,92
Rohit Sharma,Dinesh Karthik,77
Rohit Sharma,du Plessis,69
Rohit Sharma,Dwayne Smith,60
Rohit Sharma,Gautam Gambhir,54
Rohit Sharma,Kieron Pollard,64
Rohit Sharma,Manish Pandey,79
Rohit Sharma,Michael Hussey,61
Rohit Sharma,MS Dhoni,67
Rohit Sharma,Murali Vijay,53
Rohit Sharma,Parthiv Patel,50
Rohit Sharma,Robin Uthappa,58
Rohit Sharma,Rohit Sharma,0
Rohit Sharma,Sanju Samson,56
Rohit Sharma,Shane Watson,52
Rohit Sharma,Shaun Marsh,51
Rohit Sharma,Shikhar Dhawan,55
Rohit Sharma,Steve Smith,75
Rohit Sharma,Suresh Raina,70
Rohit Sharma,Virat Kohli,76
Rohit Sharma,Yusuf Pathan,76
Rohit Sharma,Yuvraj Singh,54
Sanju Samson,Aaron Finch,49
Sanju Samson,Ajinkya Rahane,49
Sanju Samson,Ambati Rayudu,65.5
Sanju Samson,Brendon McCullum,64
Sanju Samson,Chris Gayle,59
Sanju Samson,David Miller,55
Sanju Samson,David Warner,70
Sanju Samson,de Villiers,71
Sanju Samson,Dinesh Karthik,61
Sanju Samson,du Plessis,36
Sanju Samson,Dwayne Smith,50.5
Sanju Samson,Gautam Gambhir,45
Sanju Samson,Kieron Pollard,57
Sanju Samson,Manish Pandey,59
Sanju Samson,Michael Hussey,68
Sanju Samson,MS Dhoni,49
Sanju Samson,Murali Vijay,52
Sanju Samson,Parthiv Patel,48
Sanju Samson,Robin Uthappa,44
Sanju Samson,Rohit Sharma,56
Sanju Samson,Sanju Samson,0
Sanju Samson,Shane Watson,41
Sanju Samson,Shaun Marsh,45
Sanju Samson,Shikhar Dhawan,59
Sanju Samson,Steve Smith,46
Sanju Samson,Suresh Raina,49
Sanju Samson,Virat Kohli,61
Sanju Samson,Yusuf Pathan,56.5
Sanju Samson,Yuvraj Singh,45
Shane Watson,Aaron Finch,57
Shane Watson,Ajinkya Rahane,47
Shane Watson,Ambati Rayudu,58
Shane Watson,Brendon McCullum,56
Shane Watson,Chris Gayle,49
Shane Watson,David Miller,53
Shane Watson,David Warner,77
Shane Watson,de Villiers,77
Shane Watson,Dinesh Karthik,51
Shane Watson,du Plessis,40
Shane Watson,Dwayne Smith,50.5
Shane Watson,Gautam Gambhir,51
Shane Watson,Kieron Pollard,77
Shane Watson,Manish Pandey,65
Shane Watson,Michael Hussey,74
Shane Watson,MS Dhoni,77
Shane Watson,Murali Vijay,57
Shane Watson,Parthiv Patel,56
Shane Watson,Robin Uthappa,64
Shane Watson,Rohit Sharma,52
Shane Watson,Sanju Samson,41
Shane Watson,Shane Watson,0
Shane Watson,Shaun Marsh,45
Shane Watson,Shikhar Dhawan,68
Shane Watson,Steve Smith,48
Shane Watson,Suresh Raina,52
Shane Watson,Virat Kohli,43
Shane Watson,Yusuf Pathan,52
Shane Watson,Yuvraj Singh,52
Shaun Marsh,Aaron Finch,43
Shaun Marsh,Ajinkya Rahane,43
Shaun Marsh,Ambati Rayudu,75
Shaun Marsh,Brendon McCullum,64
Shaun Marsh,Chris Gayle,54
Shaun Marsh,David Miller,57
Shaun Marsh,David Warner,65
Shaun Marsh,de Villiers,70
Shaun Marsh,Dinesh Karthik,61
Shaun Marsh,du Plessis,42
Shaun Marsh,Dwayne Smith,43
Shaun Marsh,Gautam Gambhir,48.5
Shaun Marsh,Kieron Pollard,62
Shaun Marsh,Manish Pandey,57
Shaun Marsh,Michael Hussey,62
Shaun Marsh,MS Dhoni,62
Shaun Marsh,Murali Vijay,58
Shaun Marsh,Parthiv Patel,51
Shaun Marsh,Robin Uthappa,50
Shaun Marsh,Rohit Sharma,51
Shaun Marsh,Sanju Samson,45
Shaun Marsh,Shane Watson,45
Shaun Marsh,Shaun Marsh,0
Shaun Marsh,Shikhar Dhawan,60
Shaun Marsh,Steve Smith,41
Shaun Marsh,Suresh Raina,47
Shaun Marsh,Virat Kohli,78
Shaun Marsh,Yusuf Pathan,52
Shaun Marsh,Yuvraj Singh,43
Shikhar Dhawan,Aaron Finch,59
Shikhar Dhawan,Ajinkya Rahane,58
Shikhar Dhawan,Ambati Rayudu,80
Shikhar Dhawan,Brendon McCullum,64
Shikhar Dhawan,Chris Gayle,51
Shikhar Dhawan,David Miller,66
Shikhar Dhawan,David Warner,60
Shikhar Dhawan,de Villiers,71
Shikhar Dhawan,Dinesh Karthik,68
Shikhar Dhawan,du Plessis,59
Shikhar Dhawan,Dwayne Smith,58
Shikhar Dhawan,Gautam Gambhir,66
Shikhar Dhawan,Kieron Pollard,42
Shikhar Dhawan,Manish Pandey,58
Shikhar Dhawan,Michael Hussey,66
Shikhar Dhawan,MS Dhoni,58
Shikhar Dhawan,Murali Vijay,57
Shikhar Dhawan,Parthiv Patel,65
Shikhar Dhawan,Robin Uthappa,58
Shikhar Dhawan,Rohit Sharma,55
Shikhar Dhawan,Sanju Samson,59
Shikhar Dhawan,Shane Watson,68
Shikhar Dhawan,Shaun Marsh,60
Shikhar Dhawan,Shikhar Dhawan,0
Shikhar Dhawan,Steve Smith,58
Shikhar Dhawan,Suresh Raina,58
Shikhar Dhawan,Virat Kohli,63
Shikhar Dhawan,Yusuf Pathan,63
Shikhar Dhawan,Yuvraj Singh,47
Steve Smith,Aaron Finch,46
Steve Smith,Ajinkya Rahane,38
Steve Smith,Ambati Rayudu,86.5
Steve Smith,Brendon McCullum,53
Steve Smith,Chris Gayle,49.5
Steve Smith,David Miller,48
Steve Smith,David Warner,47
Steve Smith,de Villiers,53
Steve Smith,Dinesh Karthik,49
Steve Smith,du Plessis,49
Steve Smith,Dwayne Smith,46
Steve Smith,Gautam Gambhir,58
Steve Smith,Kieron Pollard,53
Steve Smith,Manish Pandey,59
Steve Smith,Michael Hussey,58
Steve Smith,MS Dhoni,59
Steve Smith,Murali Vijay,61
Steve Smith,Parthiv Patel,48
Steve Smith,Robin Uthappa,44
Steve Smith,Rohit Sharma,75
Steve Smith,Sanju Samson,46
Steve Smith,Shane Watson,48
Steve Smith,Shaun Marsh,41
Steve Smith,Shikhar Dhawan,58
Steve Smith,Steve Smith,0
Steve Smith,Suresh Raina,46
Steve Smith,Virat Kohli,81
Steve Smith,Yusuf Pathan,62
Steve Smith,Yuvraj Singh,43
Suresh Raina,Aaron Finch,38
Suresh Raina,Ajinkya Rahane,43
Suresh Raina,Ambati Rayudu,89.5
Suresh Raina,Brendon McCullum,59
Suresh Raina,Chris Gayle,52
Suresh Raina,David Miller,48
Suresh Raina,David Warner,74
Suresh Raina,de Villiers,66
Suresh Raina,Dinesh Karthik,49
Suresh Raina,du Plessis,58
Suresh Raina,Dwayne Smith,48
Suresh Raina,Gautam Gambhir,75
Suresh Raina,Kieron Pollard,66
Suresh Raina,Manish Pandey,83
Suresh Raina,Michael Hussey,62
Suresh Raina,MS Dhoni,66
Suresh Raina,Murali Vijay,58
Suresh Raina,Parthiv Patel,44
Suresh Raina,Robin Uthappa,53
Suresh Raina,Rohit Sharma,70
Suresh Raina,Sanju Samson,49
Suresh Raina,Shane Watson,52
Suresh Raina,Shaun Marsh,47
Suresh Raina,Shikhar Dhawan,58
Suresh Raina,Steve Smith,46
Suresh Raina,Suresh Raina,0
Suresh Raina,Virat Kohli,81
Suresh Raina,Yusuf Pathan,54
Suresh Raina,Yuvraj Singh,71
Virat Kohli,Aaron Finch,81
Virat Kohli,Ajinkya Rahane,81
Virat Kohli,Ambati Rayudu,46
Virat Kohli,Brendon McCullum,62
Virat Kohli,Chris Gayle,79
Virat Kohli,David Miller,65
Virat Kohli,David Warner,72
Virat Kohli,de Villiers,72
Virat Kohli,Dinesh Karthik,40
Virat Kohli,du Plessis,58.5
Virat Kohli,Dwayne Smith,81
Virat Kohli,Gautam Gambhir,81
Virat Kohli,Kieron Pollard,77
Virat Kohli,Manish Pandey,60
Virat Kohli,Michael Hussey,79
Virat Kohli,MS Dhoni,81
Virat Kohli,Murali Vijay,76.5
Virat Kohli,Parthiv Patel,86
Virat Kohli,Robin Uthappa,82
Virat Kohli,Rohit Sharma,76
Virat Kohli,Sanju Samson,61
Virat Kohli,Shane Watson,43
Virat Kohli,Shaun Marsh,78
Virat Kohli,Shikhar Dhawan,63
Virat Kohli,Steve Smith,81
Virat Kohli,Suresh Raina,81
Virat Kohli,Virat Kohli,0
Virat Kohli,Yusuf Pathan,81
Virat Kohli,Yuvraj Singh,70
Yusuf Pathan,Aaron Finch,57
Yusuf Pathan,Ajinkya Rahane,47
Yusuf Pathan,Ambati Rayudu,91.5
Yusuf Pathan,Brendon McCullum,74
Yusuf Pathan,Chris Gayle,75
Yusuf Pathan,David Miller,67
Yusuf Pathan,David Warner,81
Yusuf Pathan,de Villiers,73
Yusuf Pathan,Dinesh Karthik,56.5
Yusuf Pathan,du Plessis,63
Yusuf Pathan,Dwayne Smith,36
Yusuf Pathan,Gautam Gambhir,60
Yusuf Pathan,Kieron Pollard,73
Yusuf Pathan,Manish Pandey,86
Yusuf Pathan,Michael Hussey,69
Yusuf Pathan,MS Dhoni,73
Yusuf Pathan,Murali Vijay,53
Yusuf Pathan,Parthiv Patel,65
Yusuf Pathan,Robin Uthappa,56
Yusuf Pathan,Rohit Sharma,76
Yusuf Pathan,Sanju Samson,56.5
Yusuf Pathan,Shane Watson,52
Yusuf Pathan,Shaun Marsh,52
Yusuf Pathan,Shikhar Dhawan,63
Yusuf Pathan,Steve Smith,62
Yusuf Pathan,Suresh Raina,54
Yusuf Pathan,Virat Kohli,81
Yusuf Pathan,Yusuf Pathan,0
Yusuf Pathan,Yuvraj Singh,73
Yuvraj Singh,Aaron Finch,49
Yuvraj Singh,Ajinkya Rahane,51
Yuvraj Singh,Ambati Rayudu,89
Yuvraj Singh,Brendon McCullum,65
Yuvraj Singh,Chris Gayle,70
Yuvraj Singh,David Miller,70
Yuvraj Singh,David Warner,45
Yuvraj Singh,de Villiers,79
Yuvraj Singh,Dinesh Karthik,56
Yuvraj Singh,du Plessis,67
Yuvraj Singh,Dwayne Smith,68
Yuvraj Singh,Gautam Gambhir,45
Yuvraj Singh,Kieron Pollard,64
Yuvraj Singh,Manish Pandey,46
Yuvraj Singh,Michael Hussey,67
Yuvraj Singh,MS Dhoni,43
Yuvraj Singh,Murali Vijay,46
Yuvraj Singh,Parthiv Patel,51
Yuvraj Singh,Robin Uthappa,67
Yuvraj Singh,Rohit Sharma,54
Yuvraj Singh,Sanju Samson,45
Yuvraj Singh,Shane Watson,52
Yuvraj Singh,Shaun Marsh,43
Yuvraj Singh,Shikhar Dhawan,47
Yuvraj Singh,Steve Smith,43
Yuvraj Singh,Suresh Raina,71
Yuvraj Singh,Virat Kohli,70
Yuvraj Singh,Yusuf Pathan,73
Yuvraj Singh,Yuvraj Singh,0
